title,price,rating,reviews,availability
Sony PS5® Console Video Game Digital - Fortnite Bundle (Slim),,4.4 out of 5 stars,48 ratings,In stock
Sony PS5® Console Video Game Disc - Fortnite Bundle (Slim),,4.7 out of 5 stars,33 ratings,In stock
Sony PlayStation5 Gaming Console (Slim),,4.4 out of 5 stars,337 ratings,Only 1 left in stock.
Sony Ps5 Dualsense Sterling Silver Wireless Controller,,4.2 out of 5 stars,"3,893 ratings",In stock
Sony Ps5 Spiderman 2 Standard Edn.,,4.2 out of 5 stars,569 ratings,In stock
"Ant Esports Dock5 RGB with Cooling Fan and Dual Controller Charger Station, PS5 Console Disc & Digital Edition, PS5 Cooling Station Accessories with RGB Light/Headset Holder/6 Game Slots/Screw (White)",,4.4 out of 5 stars,293 ratings,In stock
PS5 Portal™ Remote Player – Midnight Black,,3.4 out of 5 stars,5 ratings,Not Available
U & I Entertainment Black Myth: Wukong | Standard Edition | PlayStation 5,,3.5 out of 5 stars,18 ratings,In stock
PlayStation Sony Ps5 Marvel's Spiderman : Miles Morales,,4.4 out of 5 stars,"1,118 ratings",In stock
Rockstar Games PS5 Grand Theft Auto V Digital Gaming System,,4.5 out of 5 stars,"1,062 ratings",Only 2 left in stock.
Sony PlayStation Ps5 Dualsense Wireless Controller - Chroma Teal,,3.7 out of 5 stars,7 ratings,Not Available
"Big Ant Studios Cricket 24, Standard Edition, Playstation 5",,3.7 out of 5 stars,195 ratings,In stock
Sony PlayStation Ps5 Dualsense Wireless Controller Chroma Indigo,,4.1 out of 5 stars,27 ratings,In stock
U&I Entertainment Minecraft | Standard Edition | PlayStation 5,,4.1 out of 5 stars,7 ratings,In stock
Electronic Arts EA Sports FC 25 | Standard Edition | PlayStation 5,,4.2 out of 5 stars,71 ratings,Only 1 left in stock.
Sony PlayStation Ps5 Dualsense Wireless Controller 30Th Anniversary Limited Edt,,4.6 out of 5 stars,53 ratings,Not Available
